name,chr,start,end
CSF1PO,NA,NA,NA
D1S1656,NA,NA,NA
D2S441,NA,NA,NA
D2S1338,NA,NA,NA
D3S1358,NA,NA,NA
D5S818,NA,NA,NA
D7S820,NA,NA,NA
D8S1179,NA,NA,NA
D10S1248,NA,NA,NA
D12S391,NA,NA,NA
D13S317,NA,NA,NA
D16S539,NA,NA,NA
D18S51,NA,NA,NA
D19S433,NA,NA,NA
D21S11,NA,NA,NA
D22S1045,NA,NA,NA
FGA,NA,NA,NA
TH01,NA,NA,NA
TPOX,NA,NA,NA
vWA,NA,NA,NA
SE33,NA,NA,NA
Penta_D,NA,NA,NA
Penta_E,NA,NA,NA
D6S1043,NA,NA,NA
D4S2408,NA,NA,NA
D9S1122,NA,NA,NA
D17S1301,NA,NA,NA
D20S482,NA,NA,NA
D2S1360,NA,NA,NA
D3S1744,NA,NA,NA
D4S2366,NA,NA,NA
D5S2500,NA,NA,NA
D6S474,NA,NA,NA
D7S1517,NA,NA,NA
D8S1132,NA,NA,NA
D10S2325,NA,NA,NA
D21S2055,NA,NA,NA
LPL,NA,NA,NA
F13B,NA,NA,NA
FESFPS,NA,NA,NA
F13A01,NA,NA,NA
Penta_B,NA,NA,NA
Penta_C,NA,NA,NA
D1S1679,NA,NA,NA
D2S427,NA,NA,NA
D3S2406,NA,NA,NA
D3S4545,NA,NA,NA
D5S1457,NA,NA,NA
D7S2201,NA,NA,NA
D9S1118,NA,NA,NA
D11S1304,NA,NA,NA
D12S297,NA,NA,NA
D14S1426,NA,NA,NA
D15S822,NA,NA,NA
D21S102,NA,NA,NA
D9S1120,NA,NA,NA
D1S1627,NA,NA,NA
D1S1677,NA,NA,NA
D2S1776,NA,NA,NA
D3S3053,NA,NA,NA
D3S4529,NA,NA,NA
D4S2364,NA,NA,NA
D6S1017,NA,NA,NA
D6S1027,NA,NA,NA
D9S2157,NA,NA,NA
D10S1435,NA,NA,NA
D11S4463,NA,NA,NA
D12ATA63,NA,NA,NA
D14S1434,NA,NA,NA
D17S974,NA,NA,NA